time_s,q1_rad,dq1_rad_s,w_fl_rad_s,q2_rad,dq2_rad_s,w_fr_rad_s,q3_rad,dq3_rad_s,w_bl_rad_s,q4_rad,dq4_rad_s,w_br_rad_s
0.000000,0.000000,0.000000,-1.735955,-1.570796,0.000000,-1.735955,-1.570796,0.000000,-1.735955,0.000000,0.000000,-1.735955
0.333333,0.000000,0.000000,-1.735955,-1.570796,0.000000,-1.735955,-1.570796,0.000000,-1.735955,0.000000,0.000000,-1.735955
0.666667,0.000000,0.000000,-1.735955,-1.570796,-0.000000,-1.735955,-1.570796,-0.000000,-1.735955,0.000000,0.000000,-1.735955
1.000000,0.000000,0.000000,-1.735955,-1.570796,0.000000,-1.735955,-1.570796,0.000000,-1.735955,0.000000,-0.000000,-1.735955
1.333333,0.000000,0.000000,-1.735955,-1.570796,0.000000,-1.735955,-1.570796,0.000000,-1.735955,0.000000,0.000000,-1.735955
1.666667,0.000000,0.000000,-1.735955,-1.570796,0.000000,-1.735955,-1.570796,-0.000000,-1.735955,0.000000,0.000000,-1.735955
2.000000,0.000000,0.000000,-1.735955,-1.570796,0.000000,-1.735955,-1.570796,0.000000,-1.735955,0.000000,0.000000,-1.735955
2.333333,0.000000,0.000000,-1.735955,-1.570796,0.000000,-1.735955,-1.570796,0.000000,-1.735955,0.000000,0.000000,-1.735955
2.666667,0.000000,0.000000,-1.735955,-1.570796,0.000000,-1.735955,-1.570796,0.000000,-1.735955,0.000000,0.000000,-1.735955
3.000000,0.000000,0.000000,-1.735955,-1.570796,0.000000,-1.735955,-1.570796,0.000000,-1.735955,0.000000,0.000000,-1.735955
3.333333,0.000000,0.000000,-1.735955,-1.570796,0.000000,-1.735955,-1.570796,0.000000,-1.735955,0.000000,0.000000,-1.735955
3.666667,0.000000,0.000000,-1.735955,-1.570796,0.000000,-1.735955,-1.570796,0.000000,-1.735955,0.000000,0.000000,-1.735955
4.000000,0.000000,0.000000,-1.735955,-1.570796,0.000000,-1.735955,-1.570796,0.000000,-1.735955,0.000000,0.000000,-1.735955
4.333333,0.000000,0.000000,-1.735955,-1.570796,0.000000,-1.735955,-1.570796,0.000000,-1.735955,0.000000,0.000000,-1.735955
4.666667,0.000000,0.000000,-1.735955,-1.570796,0.000000,-1.735955,-1.570796,0.000000,-1.735955,0.000000,0.000000,-1.735955
5.000000,0.000000,0.000000,-1.735955,-1.570796,0.000000,-1.735955,-1.570796,0.000000,-1.735955,0.000000,0.000000,-1.735955
5.333333,0.000000,0.000000,-1.735955,-1.570796,0.000000,-1.735955,-1.570796,0.000000,-1.735955,0.000000,0.000000,0.000000
5.666667,0.000000,0.000000,-1.735955,-1.570796,0.000000,-1.735955,-1.570796,0.000000,-1.735955,0.000000,0.000000,0.000000
6.000000,-0.017453,-0.052360,-1.388764,-1.554546,0.048751,-1.388764,-1.567626,0.009512,-1.440578,-0.020353,-0.061058,0.000000
6.333333,-0.087266,-0.209440,-0.000000,-1.489513,0.195100,-0.000000,-1.535417,0.096626,-0.261900,-0.139705,-0.358058,0.000000
6.666667,-0.157080,-0.209440,-0.000000,-1.422442,0.201213,-0.000000,-1.504793,0.091873,-0.274008,-0.259511,-0.359418,0.000000
7.000000,-0.226893,-0.209440,-0.000000,-1.357638,0.194412,-0.000000,-1.473357,0.094308,-0.261165,-0.377862,-0.355052,0.000000
7.333333,-0.296706,-0.209440,-0.000000,-1.298657,0.176944,-0.000000,-1.438946,0.103232,0.000000,-0.493365,-0.346509,0.000000
7.666667,-0.366519,-0.209440,-0.000000,-1.237729,0.182784,-0.000000,-1.404883,0.102188,0.000000,-0.610466,-0.351304,0.000000
8.000000,-0.436332,-0.209440,-0.000000,-1.180100,0.172888,-0.000000,-1.371738,0.099436,0.000000,-0.723351,-0.338656,0.000000
8.333333,-0.506145,-0.209440,-0.000000,-1.125675,0.163275,-0.000000,-1.338978,0.098278,0.000000,-0.832647,-0.327886,0.000000
8.666667,-0.575959,-0.209440,-0.000000,-1.069529,0.168436,-0.000000,-1.305265,0.101139,0.000000,-0.944616,-0.335908,0.000000
9.000000,-0.628319,-0.157080,-1.061393,-1.042434,0.081287,-1.061393,-1.313219,-0.023860,0.000000,-1.020207,-0.226772,0.000000
9.333333,-0.663225,-0.104720,-1.617978,-1.043622,-0.003564,-1.617978,-1.328510,-0.045873,0.000000,-1.086484,-0.198831,0.000000
9.666667,-0.698132,-0.104720,-1.501753,-1.049436,-0.017443,-1.501753,-1.338422,-0.029737,0.000000,-1.153513,-0.201088,0.000000
10.000000,-0.733038,-0.104720,-1.348315,-1.061155,-0.035157,-1.348315,-1.341554,-0.009395,0.000000,-1.221419,-0.203717,0.000000
10.333333,-0.767945,-0.104720,-1.348315,-1.075099,-0.041833,-1.348315,-1.342710,-0.003470,0.000000,-1.289074,-0.202965,0.000000
10.666667,-0.802851,-0.104720,-1.348315,-1.094987,-0.059664,-1.348315,-1.353987,-0.033831,0.000000,-1.340665,-0.154773,0.000000
11.000000,-0.855211,-0.157080,-1.348315,-1.094083,0.002712,-1.348315,-1.376695,-0.068124,0.000000,-1.384164,-0.130497,0.000000
11.333333,-0.890118,-0.104720,-1.348315,-1.122062,-0.083935,-1.348315,-1.393782,-0.051259,0.000000,-1.421855,-0.113073,0.000000
11.666667,-0.942478,-0.157080,-1.348315,-1.130878,-0.026450,-1.348315,-1.419199,-0.076252,0.000000,-1.452924,-0.093206,0.000000
12.000000,-0.977384,-0.104720,-1.348315,-1.166722,-0.107530,-1.348315,-1.432567,-0.040104,0.000000,-1.486468,-0.100634,0.000000
12.333333,-1.029744,-0.157080,-1.348315,-1.185214,-0.055477,-1.348315,-1.457704,-0.075413,0.000000,-1.508141,-0.065018,0.000000
12.666667,-1.082104,-0.157080,-1.348315,-1.208034,-0.068459,-1.348315,-1.483028,-0.075972,0.000000,-1.525300,-0.051478,0.000000
13.000000,-1.134464,-0.157080,-1.348315,-1.236115,-0.084242,-1.348315,-1.504172,-0.063430,0.000000,-1.541379,-0.048236,0.000000
13.333333,-1.186824,-0.157080,-1.348315,-1.268047,-0.095796,-1.348315,-1.516319,-0.036441,0.000000,-1.562603,-0.063672,0.000000
13.666667,-1.256637,-0.209440,-1.348315,-1.284495,-0.049343,-1.348315,-1.549580,-0.099783,0.000000,-1.560743,0.005578,0.000000
14.000000,-1.326450,-0.209440,-1.348315,-1.304985,-0.061472,-1.348315,-1.564116,-0.043608,0.000000,-1.573566,-0.038469,0.000000
14.333333,-1.396263,-0.209440,-1.348315,-1.329445,-0.073380,-1.348315,-1.586433,-0.066951,0.000000,-1.574638,-0.003217,0.000000
14.666667,-1.466077,-0.209440,-1.348315,-1.357153,-0.083123,-1.348315,-1.586020,0.001238,0.000000,-1.595193,-0.061663,0.000000
15.000000,-1.535890,-0.209440,-1.348315,-1.386857,-0.089111,0.000000,-1.591342,-0.015967,-0.351002,-1.608016,-0.038471,0.000000
15.333333,-1.605703,-0.209440,-1.348315,-1.418814,-0.095871,0.000000,-1.578098,0.039733,-0.340406,-1.637153,-0.087411,0.000000
15.666667,-1.640609,-0.104720,-0.676641,-1.436661,-0.053544,0.000000,-1.563878,0.042659,-0.413568,-1.642036,-0.014648,0.000000
16.000000,-1.640609,0.000000,-0.283856,-1.461443,-0.074344,0.000000,-1.541676,0.066607,-0.461266,-1.639457,0.007737,-0.461266
16.333333,-1.640609,0.000000,-0.283856,-1.486244,-0.074404,0.000000,-1.518224,0.070357,-0.461266,-1.638108,0.004047,-0.461266
16.666667,-1.640609,0.000000,-0.283856,-1.511078,-0.074503,0.000000,-1.493505,0.074156,-0.461266,-1.637992,0.000347,-0.461266
17.000000,-1.640609,0.000000,-0.283856,-1.535961,-0.074647,0.000000,-1.467499,0.078019,-0.461266,-1.639116,-0.003372,-0.461266
17.333333,-1.640609,0.000000,-0.283856,-1.560909,-0.074845,0.000000,-1.440178,0.081963,-0.461266,-1.641489,-0.007117,-0.461266
17.666667,-1.640609,0.000000,-0.283856,-1.585944,-0.075106,0.000000,-1.411509,0.086007,-0.461266,-1.645122,-0.010901,-0.461266
18.000000,-1.658063,-0.052360,-0.283856,-1.592321,-0.019130,0.000000,-1.400498,0.033033,-0.461266,-1.632303,0.038457,-0.461266
18.333333,-1.658063,0.000000,-0.292264,-1.601810,-0.028465,0.000000,-1.386351,0.042442,-0.380083,-1.616254,0.048149,-0.380083
18.666667,-1.605703,0.157080,-0.337248,-1.594443,0.022099,0.000000,-1.390071,-0.011162,0.000000,-1.554596,0.184972,0.000000
19.000000,-1.570796,0.104720,-0.362094,-1.568332,0.078333,0.000000,-1.405436,-0.046093,0.000000,-1.482587,0.216028,0.000000
19.333333,-1.553343,0.052360,0.000000,-1.562371,0.017884,0.000000,-1.398090,0.022038,-1.237951,-1.395685,0.260706,-1.237951
19.666667,-1.535890,0.052360,0.000000,-1.558111,0.012781,0.000000,-1.369645,0.085334,-1.301736,-1.328180,0.202514,-1.301736
20.000000,-1.500983,0.104720,0.000000,-1.569369,-0.033775,0.000000,-1.330263,0.118145,-1.301736,-1.273548,0.163898,-1.301736
20.333333,-1.483530,0.052360,0.000000,-1.559650,0.029157,0.000000,-1.303157,0.081319,-1.301736,-1.210164,0.190152,-1.301736
20.666667,-1.466077,0.052360,0.000000,-1.545612,0.042113,0.000000,-1.279772,0.070156,-1.301736,-1.147378,0.188359,-1.301736
21.000000,-1.431170,0.104720,0.000000,-1.548409,-0.008389,0.000000,-1.239346,0.121278,-1.301736,-1.102251,0.135379,-1.301736
21.333333,-1.413717,0.052360,0.000000,-1.527494,0.062745,0.000000,-1.217334,0.066034,-1.301736,-1.044968,0.171849,-1.301736
21.666667,-1.378810,0.104720,0.000000,-1.520917,0.019730,0.000000,-1.190492,0.080528,-1.301736,-0.995631,0.148011,-1.301736
22.000000,-1.343904,0.104720,0.000000,-1.513721,0.021590,0.000000,-1.152417,0.114225,-1.301736,-0.958146,0.112454,-1.301736
22.333333,-1.308997,0.104720,0.000000,-1.495770,0.053851,0.000000,-1.145477,0.020820,-1.301736,-0.900281,0.173597,-1.301736
22.666667,-1.274090,0.104720,0.000000,-1.477949,0.053464,0.000000,-1.127340,0.054413,-1.301736,-0.853484,0.140391,-1.301736
23.000000,-1.221730,0.157080,0.000000,-1.471566,0.019150,0.000000,-1.113394,0.041837,-1.301736,-0.808510,0.134921,-1.301736
23.333333,-1.169371,0.157080,0.000000,-1.463585,0.023942,0.000000,-1.098070,0.045972,-1.301736,-0.766512,0.125995,-1.301736
23.666667,-1.117011,0.157080,0.000000,-1.446850,0.050204,0.000000,-1.102266,-0.012587,-1.301736,-0.713748,0.158291,-1.301736
24.000000,-1.047198,0.209440,0.000000,-1.447854,-0.003011,0.000000,-1.092708,0.028673,-1.301736,-0.674452,0.117887,-1.301736
24.333333,-0.977384,0.209440,0.000000,-1.443414,0.013319,0.000000,-1.092996,-0.000864,-1.301736,-0.630755,0.131093,-1.301736
24.666667,-0.907571,0.209440,0.000000,-1.429619,0.041386,0.000000,-1.115508,-0.067536,-1.301736,-0.574189,0.169698,-1.301736
25.000000,-0.837758,0.209440,0.000000,-1.414373,0.045737,0.000000,-1.138497,-0.068969,-1.301736,-0.518595,0.166780,-1.301736
25.333333,-0.750492,0.261799,0.000000,-1.408420,0.017860,0.000000,-1.166901,-0.085210,-1.301736,-0.465749,0.158538,-1.301736
25.666667,-0.663225,0.261799,0.000000,-1.403755,0.013993,0.000000,-1.191345,-0.073332,-1.301736,-0.415573,0.150528,-1.301736
26.000000,-0.558505,0.314159,0.000000,-1.406357,-0.007807,0.000000,-1.220751,-0.088218,-1.301736,-0.370622,0.134854,-1.301736
26.333333,-0.453786,0.314159,0.000000,-1.408770,-0.007237,0.000000,-1.250315,-0.088692,-1.301736,-0.325703,0.134758,-1.301736
26.666667,-0.349066,0.314159,-0.337653,-1.400276,0.025482,0.000000,-1.295877,-0.136687,-1.301736,-0.275692,0.150034,-1.301736
27.000000,-0.244346,0.314159,-0.343510,-1.387971,0.036913,0.000000,-1.347094,-0.153649,-1.301736,-0.223837,0.155564,-1.301736
27.333333,-0.191986,0.157080,-1.091080,-1.379144,0.026483,0.000000,-1.375011,-0.083752,-1.614245,-0.195452,0.085154,-1.614245
27.666667,-0.191986,0.000000,-1.926164,-1.379357,-0.000639,-1.926164,-1.372615,0.007186,-1.958266,-0.197634,-0.006547,-1.958266
28.000000,-0.191986,0.000000,-1.926164,-1.379572,-0.000647,-1.926164,-1.370216,0.007197,-1.958266,-0.199818,-0.006550,-1.958266
28.333333,-0.191986,0.000000,-1.926164,-1.379790,-0.000654,-1.926164,-1.367814,0.007207,-1.958266,-0.202002,-0.006554,-1.958266
28.666667,-0.191986,0.000000,-1.926164,-1.380011,-0.000661,-1.926164,-1.365408,0.007218,-1.958266,-0.204188,-0.006557,-1.958266
29.000000,-0.191986,0.000000,-1.926164,-1.380234,-0.000669,-1.926164,-1.362998,0.007229,-1.958266,-0.206374,-0.006560,-1.958266
29.333333,-0.191986,0.000000,-1.926164,-1.380459,-0.000676,-1.926164,-1.360585,0.007239,-1.958266,-0.208562,-0.006563,-1.958266
29.666667,-0.191986,0.000000,-1.926164,-1.380687,-0.000683,-1.926164,-1.358169,0.007250,-1.958266,-0.210751,-0.006567,-1.958266
